{"eval/loss": 1.6452600955963135, "eval/runtime": 79.5581, "eval/samples_per_second": 17.12, "eval/steps_per_second": 2.149, "train/global_step": 30660, "_timestamp": 1708109386.2810197, "_runtime": 22701.757739782333, "_step": 27, "train/epoch": 20.0, "train/loss": 1.5859, "train/learning_rate": 6.523157208088715e-08, "train/train_runtime": 22614.644, "train/train_samples_per_second": 10.84, "train/train_steps_per_second": 1.356, "train/total_flos": 3487521801666864.0, "train/train_loss": 1.597402758265506, "_wandb": {"runtime": 22700}}