{"eval/loss": 1.9134849309921265, "eval/runtime": 85.5883, "eval/samples_per_second": 15.913, "eval/steps_per_second": 3.984, "train/global_step": 0, "_timestamp": 1706725505.8253806, "_runtime": 10.028921604156494, "_step": 0, "_wandb": {"runtime": 2111}}