{"eval/loss": 1.9445374011993408, "eval/runtime": 86.0976, "eval/samples_per_second": 15.819, "eval/steps_per_second": 3.961, "train/global_step": 0, "_timestamp": 1706717050.201281, "_runtime": 8.76674199104309, "_step": 0, "_wandb": {"runtime": 162}}