{"eval/loss": 2.0169923305511475, "eval/runtime": 85.7527, "eval/samples_per_second": 15.883, "eval/steps_per_second": 1.994, "train/global_step": 0, "_timestamp": 1708086301.175328, "_runtime": 11.562662124633789, "_step": 0, "_wandb": {"runtime": 11}}