{"eval/loss": 1.5799883604049683, "eval/runtime": 38.7796, "eval/samples_per_second": 35.122, "eval/steps_per_second": 8.793, "train/global_step": 61300, "_timestamp": 1706748652.1619349, "_runtime": 19109.454409837723, "_step": 32, "train/epoch": 20.0, "train/loss": 1.6028, "train/learning_rate": 3.262642740619902e-08, "train/train_runtime": 19060.6755, "train/train_samples_per_second": 12.861, "train/train_steps_per_second": 3.216, "train/total_flos": 2898186416678826.0, "train/train_loss": 1.605550396345179, "_wandb": {"runtime": 19107}}